"","employee_id","performance_group","yrs_employed","manager_hire","test_score","group_size","concern_flag","mobile_flag","customers","high_hours_flag","transfers","reduced_schedule","city"
"1","000af67b","Bottom",4.6,"N",91,15,"N","N",22,"N",0,"Y","Chicago"
"2","003a9cff","Bottom",5.5,"N",273,8,"N","Y",16,"Y",0,"Y","Houston"
"3","00bc8536","Middle",5.1,"N",174,12,"N","Y",24,"Y",2,"N","Chicago"
"4","00be1442","Middle",4.7,"N",303,11,"N","Y",28,"Y",0,"Y","Chicago"
"5","00d6fdfd","Bottom",4.2,"N",106,11,"N","N",28,"Y",3,"Y","Chicago"
"6","0129f72f","Middle",4.8,"N",402,15,"N","N",30,"Y",0,"N","New York"
"7","01462797","Middle",4.6,"N",167,17,"N","N",26,"Y",3,"N","New York"
"8","01aa135f","Middle",5,"N",258,15,"N","N",22,"Y",2,"N","New York"
"9","02cba29a","Middle",4.7,"N",379,15,"N","N",18,"N",2,"N","Toronto"
"10","0390bb8b","Middle",4.1,"N",205,10,"N","N",14,"N",2,"N","New York"
"11","03a8743a","Middle",5.4,"N",265,9,"N","Y",26,"N",0,"Y","Chicago"
"12","040001a4","Top",5,"N",235,8,"N","N",22,"Y",2,"N","Toronto"
"13","04311ecb","Middle",4.9,"N",174,8,"N","N",16,"Y",0,"N","Toronto"
"14","044c241c","Middle",5.2,"N",265,19,"Y","N",26,"Y",2,"N","New York"
"15","049733ad","Middle",4.7,"N",379,11,"N","N",26,"Y",2,"N","Toronto"
"16","04bca1f7","Middle",4.1,"N",220,13,"N","N",20,"N",0,"N","New York"
"17","04d0de08","Middle",4.4,"N",356,11,"N","Y",16,"N",2,"N","Toronto"
"18","04de1f43","Middle",4.7,"N",159,11,"N","Y",22,"N",0,"N","Chicago"
"19","065bef5c","Middle",4.6,"N",235,10,"N","N",22,"N",0,"N","Toronto"
"20","06ac534e","Middle",4.4,"N",273,10,"N","N",20,"Y",0,"N","Toronto"
"21","07e9e2c2","Middle",4.7,"N",91,11,"N","N",16,"N",0,"N","Toronto"
"22","07eb21de","Middle",5.3,"N",205,11,"Y","Y",28,"Y",3,"N","Orlando"
"23","07f79c30","Middle",4.5,"N",98,14,"N","N",22,"Y",2,"N","New York"
"24","0a096c9c","Middle",4.2,"N",212,12,"N","N",24,"N",0,"Y","San Francisco"
"25","0a52817d","Bottom",4.1,"Y",227,11,"N","N",22,"Y",2,"N","New York"
"26","0a6e155a","Middle",4.6,"N",303,11,"N","N",20,"Y",0,"Y","Houston"
"27","0b3f7c51","Top",3.8,"N",242,20,"N","N",16,"N",2,"N","New York"
"28","0b5637d7","Middle",4.1,"N",212,19,"N","Y",24,"Y",0,"N","New York"
"29","0ba1e858","Bottom",5.3,"N",38,5,"N","Y",18,"N",2,"Y","Toronto"
"30","0bd3f3df","Middle",3.9,"N",38,18,"Y","N",24,"N",2,"Y","Houston"
"31","0c6ec688","Top",4.2,"N",136,10,"N","N",20,"N",0,"Y","Chicago"
"32","0c843034","Middle",4.3,"N",189,11,"N","Y",22,"Y",2,"Y","San Francisco"
"33","0d0f885d","Middle",5.1,"N",182,11,"N","N",24,"N",0,"N","New York"
"34","0d3fab51","Middle",4.7,"N",326,11,"N","Y",30,"N",0,"Y","Chicago"
"35","0d7bb37c","Middle",4.1,"N",280,10,"N","N",16,"Y",0,"N","Toronto"
"36","0dcd7810","Top",4.5,"N",424,11,"N","Y",18,"N",0,"N","Toronto"
"37","0e51b4e7","Middle",4.6,"N",227,10,"N","N",22,"N",0,"N","New York"
"38","0e5f7d11","Middle",4.7,"N",288,11,"N","Y",32,"Y",2,"N","Chicago"
"39","0e7a60a8","Middle",4.2,"N",205,10,"N","N",24,"Y",2,"N","New York"
"40","0e836902","Middle",5.2,"N",174,12,"N","N",24,"N",2,"N","New York"
"41","0ee2cf84","Middle",4.4,"N",106,7,"N","Y",20,"N",0,"N","New York"
"42","0f2319ae","Middle",3.9,"N",379,11,"N","N",12,"N",0,"N","Chicago"
"43","0f2e5ec9","Bottom",5,"N",189,9,"N","Y",20,"N",2,"N","Toronto"
"44","0f4d1cff","Top",4,"N",386,14,"N","Y",22,"Y",3,"Y","San Francisco"
"45","0f78b6fd","Middle",5,"N",288,11,"Y","N",14,"N",0,"N","New York"
"46","10aeb364","Middle",4.8,"N",265,15,"N","N",22,"N",0,"N","New York"
"47","10c54f24","Middle",4.6,"N",152,11,"N","N",22,"N",0,"N","Toronto"
"48","1149fc0d","Top",4.5,"N",333,16,"N","N",24,"Y",0,"N","New York"
"49","115c7d85","Middle",4.7,"N",205,13,"N","N",14,"N",0,"Y","Chicago"
"50","116b58cf","Bottom",5,"N",182,10,"N","N",18,"N",0,"Y","San Francisco"
"51","1177eb06","Middle",4.6,"N",333,13,"N","Y",18,"N",0,"Y","San Francisco"
"52","11c9971a","Middle",4.9,"N",227,12,"N","Y",20,"N",2,"Y","Orlando"
"53","11e44cc7","Bottom",5.1,"N",83,13,"N","N",22,"Y",0,"N","Chicago"
"54","11e61339","Middle",4.9,"N",341,7,"N","N",14,"N",0,"N","Toronto"
"55","11e9ac6c","Top",4.1,"N",167,8,"N","N",20,"N",0,"N","Toronto"
"56","12d9bf3a","Middle",4.2,"N",379,10,"N","N",22,"Y",0,"N","Toronto"
"57","13eee288","Middle",5.3,"N",280,11,"N","N",16,"N",2,"N","New York"
"58","141e6ecb","Middle",3.6,"N",364,11,"N","N",16,"Y",0,"N","Toronto"
"59","14544b08","Middle",5,"N",242,10,"N","N",22,"Y",0,"N","New York"
"60","149d37b2","Middle",5,"N",235,12,"N","N",22,"Y",2,"N","Toronto"
"61","14a3d50d","Bottom",4.6,"N",197,10,"N","N",28,"Y",0,"N","Toronto"
"62","14f5e806","Bottom",4.9,"N",167,8,"N","N",14,"N",0,"Y","San Francisco"
"63","152259c9","Middle",4,"N",265,9,"N","Y",22,"N",0,"N","Toronto"
"64","15995879","Middle",4.6,"N",273,13,"N","N",22,"N",0,"N","New York"
"65","15a8065a","Middle",3.9,"N",121,10,"N","N",14,"N",2,"Y","Houston"
"66","161c4d66","Middle",4.7,"N",212,13,"N","Y",26,"N",2,"Y","Orlando"
"67","1623d0c9","Bottom",4.4,"N",152,6,"N","Y",28,"Y",2,"Y","San Francisco"
"68","16b4eb7c","Bottom",4.5,"N",212,11,"N","Y",22,"N",0,"Y","Houston"
"69","170eaabe","Middle",4.6,"N",174,14,"Y","N",24,"N",2,"N","New York"
"70","17483a7c","Bottom",4.5,"N",295,13,"N","Y",22,"N",0,"Y","San Francisco"
"71","177de4ed","Middle",5,"N",227,13,"N","N",30,"N",2,"N","Toronto"
"72","17a4ee4b","Middle",5.5,"N",189,10,"Y","N",26,"Y",2,"N","New York"
"73","18c20092","Middle",4.8,"N",250,13,"N","N",22,"N",0,"N","New York"
"74","18f47db7","Bottom",4.7,"N",182,10,"N","N",18,"N",0,"N","Toronto"
"75","1963f987","Bottom",4.5,"N",303,12,"N","Y",16,"N",0,"Y","Toronto"
"76","198e1a78","Middle",4.4,"N",250,10,"N","N",10,"N",0,"N","Toronto"
"77","1a150568","Middle",5.4,"N",364,11,"Y","Y",28,"N",3,"Y","San Francisco"
"78","1ae8d25f","Middle",5.2,"N",220,11,"N","N",22,"N",0,"N","New York"
"79","1b30e815","Middle",5.3,"N",121,15,"N","N",24,"Y",0,"N","Toronto"
"80","1b32f3f5","Middle",3.9,"N",250,11,"N","N",14,"N",0,"N","Chicago"
"81","1b6e0be9","Bottom",5,"Y",212,7,"Y","Y",22,"Y",0,"N","Toronto"
"82","1bb4fc5e","Middle",4,"N",212,13,"N","N",28,"N",5,"N","New York"
"83","1be5eccb","Bottom",4.4,"N",402,11,"N","N",12,"Y",2,"Y","San Francisco"
"84","1c2e4596","Middle",4.9,"N",303,9,"Y","N",18,"Y",0,"Y","Houston"
"85","1ccf7241","Middle",4.5,"N",265,8,"N","Y",18,"Y",0,"N","Toronto"
"86","1dd5b8d0","Bottom",5.1,"N",182,16,"N","N",28,"N",2,"N","New York"
"87","20320ac0","Bottom",4.6,"N",227,11,"Y","N",20,"N",0,"N","New York"
"88","20a898a5","Middle",5,"N",174,17,"N","N",16,"Y",0,"N","New York"
"89","20c1f2ab","Top",4.2,"N",424,10,"N","N",34,"Y",0,"N","New York"
"90","212d0ccb","Middle",4.9,"N",212,13,"N","Y",20,"N",0,"Y","San Francisco"
"91","2161245d","Middle",4.4,"N",242,11,"Y","Y",16,"N",2,"Y","Houston"
"92","224e8e50","Middle",5,"N",91,8,"Y","Y",16,"N",0,"Y","San Francisco"
"93","233e5f29","Middle",4.1,"N",174,11,"N","N",22,"Y",2,"Y","Houston"
"94","239f57a2","Middle",5,"N",295,13,"N","N",28,"Y",0,"N","Toronto"
"95","23aba68b","Middle",4.7,"N",409,10,"Y","Y",20,"Y",0,"N","Toronto"
"96","2450d532","Middle",4,"N",189,14,"N","N",18,"N",0,"N","New York"
"97","246b221c","Bottom",4.2,"N",303,17,"N","N",18,"N",2,"N","New York"
"98","249a6c42","Middle",4.1,"N",212,12,"N","N",18,"N",0,"N","Toronto"
"99","25d23a7c","Middle",4.1,"N",174,12,"N","N",18,"Y",2,"N","New York"
"100","26e1942e","Middle",4.1,"N",174,13,"N","Y",18,"N",0,"N","Toronto"
"101","26fec077","Middle",4.3,"N",341,10,"N","Y",24,"N",2,"N","Chicago"
"102","272b93f1","Bottom",5.2,"N",227,10,"N","N",12,"N",0,"Y","Chicago"
"103","27644867","Middle",4.5,"N",273,10,"N","Y",24,"Y",3,"Y","Orlando"
"104","2831f170","Middle",4.9,"N",129,9,"N","N",28,"Y",0,"Y","San Francisco"
"105","283cb5b2","Middle",4.7,"N",174,14,"N","N",22,"N",0,"N","Toronto"
"106","28ca8384","Bottom",5.1,"N",220,11,"N","Y",24,"N",3,"Y","Orlando"
"107","28faeb10","Bottom",5.1,"N",98,10,"N","Y",16,"N",0,"Y","San Francisco"
"108","2aa74cd6","Bottom",5,"N",220,11,"N","N",16,"Y",0,"Y","New York"
"109","2b450c6b","Middle",5,"N",333,11,"N","Y",20,"N",0,"Y","San Francisco"
"110","2b65a8b7","Middle",4.4,"N",242,15,"N","N",20,"N",0,"N","New York"
"111","2ba7657f","Top",4.9,"N",235,10,"N","Y",18,"N",0,"Y","Chicago"
"112","2c218e8f","Middle",4.5,"N",295,13,"N","N",20,"N",2,"N","New York"
"113","2cc30425","Bottom",4.8,"N",159,8,"Y","N",20,"N",0,"N","Toronto"
"114","2d54740d","Middle",4.4,"N",311,10,"N","N",24,"Y",0,"Y","Orlando"
"115","2d69d975","Top",4.1,"N",242,10,"N","N",18,"N",0,"Y","San Francisco"
"116","2e0e1cee","Middle",5,"N",250,10,"N","N",14,"N",0,"N","New York"
"117","2e91c3cf","Middle",5,"N",220,8,"N","Y",14,"N",0,"Y","San Francisco"
"118","2ea241ec","Middle",4.5,"N",303,8,"N","N",24,"N",0,"N","Toronto"
"119","2eaaf42c","Middle",4.6,"N",114,11,"N","N",22,"N",2,"Y","Chicago"
"120","2f3c7c83","Middle",4.1,"N",159,11,"N","N",22,"N",3,"N","Toronto"
"121","2f4312d0","Bottom",4.1,"N",348,15,"N","N",24,"N",0,"N","New York"
"122","2f848ab0","Middle",4.5,"N",295,11,"N","N",22,"N",0,"N","New York"
"123","2f8a425a","Middle",4.5,"N",235,10,"N","N",22,"Y",0,"N","Toronto"
"124","2fef6027","Middle",4.7,"N",288,8,"N","N",18,"Y",0,"N","Toronto"
"125","30192bf4","Middle",4.2,"N",182,8,"N","N",14,"N",0,"N","Chicago"
"126","312581bc","Middle",4.1,"N",182,10,"N","N",16,"N",0,"N","New York"
"127","3135ebd2","Middle",4.9,"N",280,13,"N","N",20,"Y",3,"N","Toronto"
"128","314bc11c","Middle",4.3,"N",439,13,"Y","N",26,"Y",5,"N","New York"
"129","325b71cd","Bottom",5,"N",144,13,"N","N",18,"N",2,"N","Toronto"
"130","336361fc","Top",4.7,"N",242,13,"N","N",26,"Y",0,"N","New York"
"131","33d05649","Top",3.7,"N",288,11,"N","Y",22,"Y",0,"N","New York"
"132","340b1336","Bottom",4.8,"N",265,12,"N","N",16,"N",2,"N","Toronto"
"133","3474567e","Middle",5,"N",280,15,"N","N",24,"Y",0,"N","New York"
"134","35a6eceb","Bottom",4.6,"N",280,10,"N","N",22,"Y",0,"N","New York"
"135","35c38582","Bottom",4.9,"N",212,13,"N","N",22,"N",2,"N","New York"
"136","366b1d0f","Top",4.7,"N",273,19,"N","N",38,"Y",2,"N","New York"
"137","3750c061","Middle",4.4,"N",258,9,"N","Y",20,"N",0,"N","Toronto"
"138","386b9dad","Bottom",4.8,"N",197,14,"N","Y",36,"Y",2,"Y","San Francisco"
"139","3870bb30","Top",4.2,"N",394,11,"N","N",20,"Y",0,"N","Toronto"
"140","38df15ce","Middle",4.5,"N",220,12,"N","N",28,"Y",0,"Y","Orlando"
"141","3a1e550d","Middle",4.3,"N",242,6,"N","N",16,"N",0,"N","New York"
"142","3a3fed54","Middle",4.6,"N",197,8,"N","N",24,"Y",0,"N","New York"
"143","3aec9b21","Middle",4.4,"N",250,12,"N","N",20,"N",0,"Y","San Francisco"
"144","3b4dd5df","Middle",5,"N",280,18,"N","N",20,"Y",2,"N","New York"
"145","3bffd4f8","Middle",4.3,"N",318,13,"N","N",20,"N",2,"N","New York"
"146","3c2d45cc","Middle",5.1,"N",288,11,"N","N",22,"Y",0,"N","New York"
"147","3c308b87","Middle",4.3,"N",76,8,"N","N",16,"N",0,"N","Toronto"
"148","3c528414","Bottom",4.7,"N",167,17,"N","N",18,"N",3,"N","New York"
"149","3c71e2ec","Middle",5.4,"N",220,13,"N","N",20,"N",0,"N","New York"
"150","3d9e9752","Middle",4.9,"N",227,10,"N","N",16,"N",0,"N","New York"
"151","3dc6ca19","Bottom",5.1,"N",182,15,"N","Y",20,"N",2,"N","Orlando"
"152","3de78aa1","Bottom",5.2,"N",159,10,"N","N",18,"N",2,"Y","Chicago"
"153","3e3edda6","Top",5,"N",242,17,"N","Y",24,"N",0,"N","New York"
"154","3e8dbe4c","Bottom",5.1,"N",174,11,"N","N",16,"N",0,"Y","Chicago"
"155","3ee66efc","Bottom",4,"N",409,11,"N","N",16,"N",2,"N","Toronto"
"156","40e853ea","Middle",4.9,"N",227,13,"N","N",26,"Y",0,"N","Toronto"
"157","41890e7a","Top",3.6,"N",114,9,"N","N",20,"N",2,"N","Chicago"
"158","4222521e","Middle",5.7,"N",326,18,"Y","N",16,"N",0,"N","Toronto"
"159","4397b678","Middle",4.8,"N",265,13,"N","N",20,"N",0,"N","Toronto"
"160","43c1d8c2","Middle",4.4,"N",432,15,"N","N",20,"Y",0,"N","Toronto"
"161","4427aff6","Middle",4,"N",250,10,"N","N",18,"N",0,"N","Toronto"
"162","445bd5bb","Middle",5,"N",242,11,"N","N",22,"Y",0,"N","Toronto"
"163","4487ca5f","Middle",5.4,"N",326,20,"Y","N",36,"Y",2,"N","Toronto"
"164","4532e76f","Middle",4.6,"N",220,9,"Y","N",22,"N",0,"Y","Chicago"
"165","46c39f61","Bottom",5,"N",167,11,"N","N",24,"N",2,"Y","San Francisco"
"166","4778d76c","Middle",4.4,"N",220,8,"N","N",18,"N",0,"Y","Chicago"
"167","47c9b35e","Top",6,"N",295,15,"Y","N",34,"N",0,"N","New York"
"168","47d6fc9f","Bottom",4.8,"N",280,12,"N","N",18,"N",0,"N","New York"
"169","48507fc0","Middle",4.4,"N",462,17,"N","N",18,"N",0,"N","Toronto"
"170","49f49cc7","Middle",4.9,"N",189,11,"N","Y",16,"N",2,"Y","Houston"
"171","49f4dc41","Top",3.7,"N",220,11,"N","N",16,"N",0,"N","New York"
"172","4a9eb443","Middle",4.4,"N",106,10,"N","Y",26,"N",0,"N","Chicago"
"173","4b934557","Middle",4.6,"N",220,10,"N","N",24,"N",0,"Y","Orlando"
"174","4bd699d4","Middle",4.6,"N",167,12,"N","N",18,"N",2,"N","Toronto"
"175","4c594b79","Top",4.2,"N",348,11,"N","N",18,"Y",2,"N","New York"
"176","4c9b3876","Middle",4.6,"N",409,9,"Y","N",18,"N",0,"N","New York"
"177","4d593345","Middle",4.5,"N",136,6,"N","N",22,"N",0,"N","Toronto"
"178","4e8b206b","Bottom",4.9,"N",326,13,"N","Y",22,"Y",2,"Y","San Francisco"
"179","4fa96bbd","Middle",5.1,"N",197,15,"N","N",22,"Y",2,"N","Toronto"
"180","4ffffa9d","Middle",5.3,"N",121,10,"N","N",16,"N",0,"N","New York"
"181","5046ef5b","Middle",4.6,"N",235,9,"N","N",20,"N",0,"N","Toronto"
"182","50612e98","Bottom",4.4,"N",159,16,"N","N",40,"Y",2,"N","Toronto"
"183","508d4855","Middle",5,"N",144,11,"N","N",22,"N",2,"N","Toronto"
"184","51532894","Middle",5.2,"N",288,13,"N","Y",16,"N",0,"N","New York"
"185","51623589","Middle",4.1,"N",220,11,"N","N",20,"Y",0,"Y","Toronto"
"186","51b9f4c2","Bottom",2.8,"Y",152,9,"N","N",24,"N",0,"N","New York"
"187","51e27cfe","Bottom",3.6,"Y",98,8,"N","N",16,"N",0,"N","New York"
"188","51e801e4","Middle",4.9,"N",159,12,"N","Y",20,"Y",0,"N","Toronto"
"189","52204196","Middle",5.2,"N",205,11,"N","N",16,"N",0,"Y","Chicago"
"190","52b7c12e","Middle",4.6,"N",326,11,"Y","N",18,"N",0,"N","Toronto"
"191","52fc4d27","Middle",4.8,"N",303,7,"N","N",14,"N",0,"N","New York"
"192","538f99bc","Middle",4.7,"N",182,11,"N","N",22,"N",0,"N","New York"
"193","53f52fd8","Bottom",4.3,"N",242,11,"N","N",24,"N",2,"N","Toronto"
"194","54289dac","Middle",4.5,"N",227,8,"N","N",18,"N",2,"N","Toronto"
"195","547584ac","Middle",4.6,"N",197,11,"N","N",20,"Y",0,"N","Chicago"
"196","55007f0c","Middle",4.2,"N",242,9,"N","Y",26,"N",0,"N","Toronto"
"197","551ba7ea","Middle",4.6,"N",265,13,"N","N",18,"N",0,"N","Toronto"
"198","5700c368","Bottom",3.8,"N",356,9,"N","N",16,"N",0,"N","Toronto"
"199","571c21ff","Bottom",5.2,"N",83,8,"N","N",16,"N",0,"Y","San Francisco"
"200","5722f7d6","Bottom",4.5,"N",212,8,"N","N",18,"Y",0,"N","Toronto"
"201","582e7062","Bottom",5,"N",205,8,"N","Y",16,"N",2,"Y","Houston"
"202","586eb60d","Middle",4.3,"N",98,11,"N","N",18,"N",0,"N","Toronto"
"203","589fcdd8","Top",3.8,"N",318,14,"N","Y",16,"N",0,"N","Toronto"
"204","5a343b35","Middle",3.7,"N",205,9,"N","N",24,"N",3,"N","New York"
"205","5ab4b656","Middle",4.6,"N",273,14,"N","N",20,"Y",0,"N","New York"
"206","5acf99c0","Middle",4.9,"N",265,17,"N","N",20,"Y",2,"N","New York"
"207","5ad93121","Top",4.4,"N",273,11,"N","N",26,"Y",2,"Y","San Francisco"
"208","5b268514","Top",4.2,"N",144,11,"N","N",16,"N",0,"Y","Toronto"
"209","5bc0968a","Middle",4.3,"N",311,12,"N","N",18,"N",2,"N","New York"
"210","5bcb8806","Bottom",5,"N",174,11,"N","N",20,"N",0,"Y","San Francisco"
"211","5bd15eec","Top",3.3,"Y",220,11,"N","N",16,"N",0,"Y","Houston"
"212","5da9639e","Middle",4.1,"N",303,15,"N","N",20,"Y",0,"N","Toronto"
"213","5f17a93b","Bottom",4.8,"N",311,13,"N","N",18,"Y",2,"N","Chicago"
"214","5f32922b","Middle",3.9,"N",220,13,"N","N",20,"N",0,"N","New York"
"215","602410d1","Middle",4,"N",265,11,"N","N",18,"N",0,"N","New York"
"216","602ce2b1","Top",4,"N",273,13,"N","N",20,"Y",0,"Y","San Francisco"
"217","60845764","Bottom",4.5,"N",114,13,"N","N",22,"Y",0,"N","New York"
"218","610ece3e","Bottom",5.5,"N",129,6,"N","Y",20,"Y",0,"Y","Orlando"
"219","616e7dc0","Middle",5.1,"N",295,14,"N","Y",22,"Y",3,"N","Toronto"
"220","61a0762d","Middle",4.6,"N",242,8,"N","N",24,"N",0,"N","Toronto"
"221","63496c55","Middle",5.3,"N",242,11,"N","Y",24,"N",2,"Y","San Francisco"
"222","637e8a0f","Middle",4.2,"N",220,13,"N","N",34,"Y",3,"N","Toronto"
"223","63934250","Middle",5,"N",144,14,"Y","N",20,"N",2,"N","New York"
"224","63c5649d","Bottom",4.8,"N",174,12,"N","Y",14,"N",2,"N","Toronto"
"225","642614af","Middle",5,"N",280,9,"Y","N",16,"Y",2,"N","Toronto"
"226","64b4e375","Middle",4.4,"N",205,12,"N","N",26,"Y",0,"N","Toronto"
"227","64c6833b","Middle",4.4,"N",333,13,"N","Y",16,"N",2,"N","Chicago"
"228","64e3a1ba","Bottom",5.2,"N",311,10,"N","Y",22,"Y",3,"N","Toronto"
"229","65a9dfdd","Bottom",4.5,"N",235,8,"N","Y",14,"N",0,"N","Toronto"
"230","662f3d39","Middle",5,"N",159,13,"N","N",24,"N",0,"N","New York"
"231","6640964f","Middle",4.7,"N",424,15,"N","N",24,"Y",2,"N","Toronto"
"232","66534e07","Middle",5.1,"N",167,11,"N","N",20,"Y",2,"N","Toronto"
"233","66810cc9","Middle",5,"N",295,14,"N","Y",24,"Y",3,"N","Toronto"
"234","66b83b4b","Bottom",5.6,"N",174,10,"Y","N",22,"N",0,"Y","San Francisco"
"235","683ba552","Top",3.7,"N",356,9,"N","N",22,"Y",0,"N","Toronto"
"236","694626f7","Bottom",5.5,"N",174,14,"Y","Y",20,"N",0,"N","Toronto"
"237","699e4d61","Middle",4.5,"N",189,9,"N","N",20,"N",0,"N","Toronto"
"238","6ac38c5e","Middle",4.6,"N",318,9,"N","N",18,"N",2,"Y","San Francisco"
"239","6b14f9f8","Middle",4.4,"N",144,11,"N","N",16,"N",2,"N","New York"
"240","6b707925","Middle",4,"N",121,11,"N","Y",32,"Y",2,"Y","Toronto"
"241","6c56cf27","Middle",4.4,"N",265,13,"N","N",16,"N",2,"N","Toronto"
"242","6d1d3f94","Bottom",5,"N",144,11,"N","Y",26,"N",2,"Y","San Francisco"
"243","6e43d0eb","Bottom",4.5,"N",182,17,"N","N",32,"Y",0,"N","New York"
"244","6f37a436","Middle",5,"N",227,18,"N","Y",28,"Y",2,"N","Toronto"
"245","6f40889c","Middle",4.8,"N",159,13,"N","N",18,"N",0,"N","New York"
"246","6f6a15c3","Middle",4.9,"N",227,14,"N","Y",28,"Y",3,"N","Toronto"
"247","6f706192","Middle",5,"N",295,15,"N","N",22,"N",0,"N","New York"
"248","6fad20c6","Middle",5,"N",159,9,"N","N",20,"Y",0,"Y","San Francisco"
"249","6fb92fa9","Bottom",5,"N",273,15,"N","Y",18,"Y",2,"N","Chicago"
"250","6fe8b754","Top",4.9,"N",197,15,"Y","N",20,"Y",0,"N","Toronto"
"251","6ffbce77","Top",3.7,"N",174,13,"N","N",22,"Y",2,"N","Toronto"
"252","70028ff8","Middle",4,"N",152,9,"N","N",28,"Y",0,"N","New York"
"253","705a7b97","Middle",4.5,"N",402,20,"N","N",30,"Y",2,"N","New York"
"254","70d7c0fd","Bottom",4.9,"Y",220,13,"N","N",20,"N",0,"N","Toronto"
"255","70ee73b9","Bottom",4.7,"N",212,10,"N","N",24,"Y",0,"N","Toronto"
"256","71aa7b78","Middle",4.4,"N",303,9,"N","N",18,"N",0,"N","Toronto"
"257","726895c8","Middle",5.1,"N",212,15,"N","N",26,"Y",2,"N","New York"
"258","72a59199","Bottom",5,"N",379,10,"N","Y",30,"Y",0,"N","New York"
"259","72c9ce58","Bottom",5.9,"N",152,15,"Y","N",22,"N",0,"N","Chicago"
"260","72cd94a4","Bottom",4.8,"N",136,6,"N","N",18,"N",2,"N","Toronto"
"261","72fd934c","Top",4,"N",295,9,"N","N",14,"Y",0,"N","New York"
"262","737a170c","Middle",4.3,"Y",136,15,"N","N",26,"N",2,"Y","Orlando"
"263","748f511e","Top",4.4,"N",227,17,"N","Y",30,"Y",0,"N","New York"
"264","75b9faa4","Top",2,"Y",371,7,"N","N",16,"N",0,"N","Toronto"
"265","75c641f3","Top",4.6,"N",273,15,"N","N",24,"Y",2,"N","New York"
"266","75d6a015","Top",4.9,"N",288,8,"N","N",20,"Y",0,"N","Toronto"
"267","76122084","Top",4.1,"N",167,10,"N","N",20,"Y",0,"N","Toronto"
"268","773a3436","Middle",4.8,"N",379,13,"N","N",18,"Y",2,"N","New York"
"269","77e0ae27","Middle",4.8,"N",258,15,"N","N",14,"N",0,"N","Toronto"
"270","7853545e","Middle",5.1,"N",76,10,"N","N",18,"Y",2,"N","Toronto"
"271","78be7b49","Middle",5,"N",235,20,"N","N",22,"N",2,"N","New York"
"272","78c17ebb","Middle",4.2,"N",288,6,"N","N",14,"N",0,"N","Toronto"
"273","79997a04","Top",4.3,"N",311,17,"N","N",32,"Y",2,"N","Toronto"
"274","799ae284","Top",4.3,"N",144,12,"N","N",16,"Y",0,"N","Toronto"
"275","7b40afe7","Bottom",5.3,"N",273,10,"N","N",16,"N",2,"Y","San Francisco"
"276","7b5cfcfd","Bottom",3.4,"N",220,11,"Y","Y",22,"N",2,"N","Orlando"
"277","7b869493","Middle",4,"N",167,11,"N","N",20,"Y",2,"N","Toronto"
"278","7bf5373c","Middle",4.4,"N",280,14,"N","N",18,"N",2,"N","Toronto"
"279","7c04d967","Middle",4.8,"N",265,10,"N","N",22,"N",3,"Y","New York"
"280","7c2f19f9","Middle",4.3,"N",235,10,"N","N",26,"N",2,"Y","New York"
"281","7cc6b046","Middle",4.1,"N",205,13,"N","N",26,"N",2,"N","New York"
"282","7d8b89cf","Middle",4.8,"N",227,13,"Y","N",18,"Y",0,"N","New York"
"283","7d8c51be","Middle",4.3,"N",242,10,"N","N",24,"N",0,"Y","Chicago"
"284","7dd60ead","Middle",4.3,"N",189,11,"N","N",14,"N",0,"N","Toronto"
"285","7dd7b85b","Middle",5,"N",167,14,"N","N",14,"N",2,"N","New York"
"286","7dea4013","Middle",5,"N",235,14,"N","N",16,"N",0,"N","Chicago"
"287","7e07a403","Top",5.4,"N",227,12,"N","N",16,"N",0,"N","Chicago"
"288","7fbf320e","Top",4.6,"N",265,14,"N","N",16,"N",0,"N","New York"
"289","809f2737","Middle",4.5,"N",280,10,"N","N",16,"N",0,"N","New York"
"290","80daf581","Middle",4.1,"N",212,8,"N","Y",22,"N",2,"N","Chicago"
"291","811859c9","Bottom",5.4,"N",174,8,"Y","N",18,"N",0,"N","Toronto"
"292","8141ad3e","Bottom",4.5,"N",235,9,"N","N",18,"Y",0,"N","Toronto"
"293","81e18689","Middle",4.3,"N",212,13,"Y","N",26,"Y",2,"N","Toronto"
"294","8205a876","Middle",3,"Y",439,9,"N","N",22,"Y",0,"Y","San Francisco"
"295","82bf75f4","Middle",4.8,"N",295,15,"N","N",22,"N",0,"Y","Toronto"
"296","82eb5b29","Bottom",4.9,"N",197,13,"N","N",24,"N",0,"N","New York"
"297","830d00c3","Middle",4.3,"N",424,17,"N","N",20,"Y",0,"N","New York"
"298","8364dbb2","Middle",4.7,"N",197,11,"N","Y",16,"N",0,"N","Toronto"
"299","83ac6952","Middle",4.8,"N",220,12,"N","N",22,"Y",0,"N","Toronto"
"300","8476e4e6","Middle",5.1,"N",333,18,"N","N",26,"N",2,"N","New York"
"301","84a9c3c5","Middle",4.2,"Y",189,8,"Y","N",16,"N",0,"N","Toronto"
"302","84b62128","Bottom",4.5,"N",129,12,"N","N",22,"N",3,"N","Toronto"
"303","85ce72be","Middle",4.3,"N",205,11,"N","N",20,"N",0,"Y","Houston"
"304","86070f63","Middle",4.3,"N",258,9,"N","Y",14,"Y",0,"N","Toronto"
"305","863a7a40","Middle",5,"N",205,15,"N","N",20,"Y",0,"N","Toronto"
"306","865387d8","Bottom",4.8,"N",174,11,"Y","N",20,"N",2,"N","New York"
"307","86b03698","Middle",5,"Y",189,12,"N","N",24,"N",0,"N","New York"
"308","8769424d","Middle",4.6,"N",273,13,"N","N",26,"N",0,"N","New York"
"309","886e43ea","Bottom",4.8,"N",83,8,"N","N",18,"N",0,"N","New York"
"310","88bd2854","Bottom",5.2,"N",356,11,"N","N",18,"Y",2,"Y","San Francisco"
"311","88c707b9","Middle",4.5,"N",91,11,"N","Y",22,"N",3,"Y","San Francisco"
"312","88f67137","Middle",4.1,"N",129,10,"N","N",22,"N",0,"Y","Chicago"
"313","8928d7a8","Middle",4.6,"N",265,13,"N","N",28,"N",0,"N","New York"
"314","8948e057","Middle",5,"N",333,10,"N","N",34,"Y",0,"N","New York"
"315","894979c7","Middle",4.9,"N",197,8,"N","N",18,"N",0,"N","New York"
"316","8a2de222","Middle",4.7,"N",227,12,"N","N",28,"N",0,"N","Toronto"
"317","8a473c59","Bottom",3,"Y",152,10,"N","N",24,"Y",2,"N","Toronto"
"318","8aedd876","Middle",5.1,"N",326,15,"N","N",26,"Y",0,"N","New York"
"319","8b64ec14","Middle",4.4,"N",280,15,"N","Y",20,"Y",0,"N","Chicago"
"320","8c628dc8","Top",4.5,"N",280,11,"N","N",22,"Y",0,"N","New York"
"321","8c86404d","Middle",4.5,"N",341,16,"N","Y",16,"Y",0,"N","New York"
"322","8cba9ae4","Top",4.1,"N",159,10,"N","N",16,"N",0,"N","Toronto"
"323","8ccbaff2","Middle",4.3,"N",288,10,"N","N",26,"Y",2,"N","Toronto"
"324","8dd25315","Middle",5.1,"N",326,13,"N","N",32,"Y",0,"N","Toronto"
"325","8e130c8f","Middle",4.3,"N",242,12,"N","N",22,"N",0,"Y","Houston"
"326","8e9ede18","Middle",4.5,"N",174,15,"N","N",26,"N",0,"N","Toronto"
"327","8efedced","Middle",4.9,"N",333,10,"N","N",12,"N",0,"Y","San Francisco"
"328","8f65945d","Middle",4.6,"N",424,11,"N","N",22,"N",0,"N","New York"
"329","9063ac73","Middle",4.7,"N",98,15,"N","Y",16,"N",0,"N","Toronto"
"330","906abfc7","Middle",4.7,"N",227,10,"Y","Y",16,"Y",0,"Y","San Francisco"
"331","90baa22b","Bottom",4.8,"N",341,9,"N","N",16,"N",2,"N","New York"
"332","9123572e","Top",4,"N",212,10,"N","N",14,"N",0,"N","Toronto"
"333","9134ff9c","Middle",5,"N",61,11,"N","N",18,"N",2,"Y","Chicago"
"334","91881f0c","Bottom",4.8,"N",273,5,"N","Y",18,"N",0,"N","Toronto"
"335","9210bf78","Bottom",5.1,"N",265,13,"N","Y",22,"N",2,"N","Chicago"
"336","9274383d","Middle",5,"N",318,17,"N","N",20,"Y",0,"N","New York"
"337","927c317d","Middle",5.2,"N",288,11,"Y","N",24,"N",0,"N","New York"
"338","92c4acd3","Bottom",4.6,"N",318,11,"N","N",24,"Y",2,"Y","San Francisco"
"339","93b6cfc1","Middle",4.7,"N",182,11,"N","N",16,"N",2,"N","Toronto"
"340","9404cda9","Bottom",5.2,"N",364,17,"Y","N",20,"N",3,"Y","Houston"
"341","948b1ace","Middle",4.4,"N",258,12,"N","N",18,"N",0,"N","New York"
"342","94b28814","Bottom",4.2,"N",258,13,"N","Y",14,"N",2,"Y","San Francisco"
"343","94fab2bb","Top",4.8,"N",288,14,"N","Y",26,"Y",0,"Y","San Francisco"
"344","965ac95c","Bottom",4.6,"N",318,10,"N","N",18,"N",0,"N","Toronto"
"345","96c21cb3","Bottom",4.6,"N",114,10,"N","Y",16,"N",0,"Y","Houston"
"346","97793f7c","Middle",4.6,"N",205,11,"N","N",24,"N",2,"N","New York"
"347","97c7c1b5","Middle",4.6,"N",136,10,"N","N",18,"N",2,"N","Toronto"
"348","97ccc01d","Middle",5.2,"N",250,12,"N","Y",16,"N",0,"N","Chicago"
"349","980d9b48","Middle",5,"N",242,11,"N","N",22,"N",2,"N","Toronto"
"350","9817a11e","Top",4,"N",205,12,"N","N",18,"Y",0,"N","New York"
"351","98780af0","Middle",4.5,"Y",265,21,"N","Y",26,"Y",0,"N","Toronto"
"352","98f131d7","Middle",4.2,"N",341,10,"N","N",16,"N",0,"N","Toronto"
"353","99084368","Top",4.8,"Y",303,17,"N","N",20,"Y",0,"N","New York"
"354","99f78516","Bottom",2.9,"Y",136,10,"N","N",24,"Y",0,"N","Toronto"
"355","9a25b086","Bottom",5.4,"N",311,17,"Y","N",24,"N",3,"N","Chicago"
"356","9b3dc002","Middle",4.5,"N",303,9,"N","Y",14,"N",3,"N","Toronto"
"357","9ba99466","Bottom",4.7,"N",227,15,"N","N",18,"Y",0,"N","Toronto"
"358","9cd30309","Bottom",5,"N",182,10,"N","Y",22,"N",0,"Y","Orlando"
"359","9d93b8ee","Bottom",4.9,"N",174,10,"N","Y",16,"N",0,"N","Toronto"
"360","9e5880eb","Middle",5,"N",182,11,"N","N",32,"Y",2,"N","Toronto"
"361","9e9c8bfe","Bottom",4.7,"Y",364,21,"Y","N",30,"N",2,"N","New York"
"362","9f46360c","Bottom",4.8,"N",235,11,"N","N",20,"N",0,"N","Toronto"
"363","9fd28b83","Middle",4.5,"N",295,12,"N","N",18,"Y",2,"N","Toronto"
"364","a046b1e6","Bottom",4.7,"N",152,10,"N","N",28,"N",0,"N","New York"
"365","a0d860bf","Middle",4.9,"N",167,10,"N","N",22,"N",0,"N","Chicago"
"366","a12398aa","Top",4.5,"N",356,17,"N","Y",32,"Y",3,"Y","Orlando"
"367","a1327b15","Top",5,"N",326,10,"N","N",26,"Y",0,"N","New York"
"368","a18ecc4e","Bottom",4.9,"N",227,17,"Y","N",26,"Y",5,"Y","Orlando"
"369","a1b4d288","Middle",4.5,"N",303,9,"N","N",20,"N",0,"N","Toronto"
"370","a30b9f6a","Middle",4.4,"N",356,13,"N","Y",20,"N",0,"N","Toronto"
"371","a34ae8d0","Middle",4.5,"N",205,8,"N","N",20,"N",0,"N","New York"
"372","a56cb82f","Middle",5.2,"N",326,11,"N","N",16,"N",0,"N","Chicago"
"373","a5ce1d54","Middle",3.9,"N",288,11,"N","N",18,"N",0,"N","New York"
"374","a6b95dc0","Middle",5.3,"N",258,14,"N","Y",14,"N",0,"N","New York"
"375","a74933aa","Middle",5.5,"N",280,15,"N","N",18,"Y",0,"N","New York"
"376","a7aa3f59","Middle",4,"N",250,11,"N","N",16,"N",0,"N","New York"
"377","a7d7afd6","Middle",5.3,"N",227,14,"N","Y",18,"N",0,"N","New York"
"378","a8bd794c","Middle",4,"N",167,10,"N","N",20,"N",0,"N","New York"
"379","a8ca8a73","Middle",4.3,"N",265,11,"N","N",20,"N",0,"N","Toronto"
"380","a9ab88e3","Bottom",4.4,"N",61,8,"N","N",20,"N",2,"N","Toronto"
"381","a9b7a050","Middle",5.2,"N",258,12,"N","N",30,"Y",0,"N","New York"
"382","aa1d72a6","Middle",4.6,"N",242,19,"N","Y",22,"N",0,"N","Toronto"
"383","aa3a9fb5","Middle",5.2,"N",205,13,"N","N",20,"N",5,"N","Toronto"
"384","aaa3203e","Middle",5.1,"N",167,13,"Y","Y",28,"Y",3,"Y","Orlando"
"385","aaa3534f","Top",4.6,"N",258,13,"Y","N",24,"Y",0,"N","New York"
"386","aac0beb4","Bottom",4.7,"N",250,13,"N","Y",18,"N",2,"Y","San Francisco"
"387","aac255af","Middle",4.9,"N",273,8,"N","N",22,"Y",0,"Y","Houston"
"388","ab7e59c7","Bottom",6,"N",152,17,"Y","Y",28,"Y",0,"N","New York"
"389","abba9ca3","Middle",4.8,"N",227,11,"N","N",16,"Y",2,"Y","Toronto"
"390","acd7b4f7","Middle",4.6,"N",288,10,"N","N",18,"N",2,"N","Toronto"
"391","acfde6d2","Bottom",5.3,"N",136,11,"N","N",12,"N",0,"N","Toronto"
"392","ad8c9253","Bottom",4.6,"N",265,13,"N","N",36,"Y",0,"N","New York"
"393","adb079b7","Bottom",4.6,"N",174,11,"N","Y",20,"Y",3,"N","New York"
"394","adf4bdc2","Middle",4.7,"N",114,10,"N","Y",20,"Y",0,"Y","San Francisco"
"395","b04e7a9f","Middle",4.3,"N",159,10,"N","N",20,"N",2,"N","Toronto"
"396","b07a9228","Middle",5.4,"N",152,14,"N","Y",24,"Y",0,"Y","San Francisco"
"397","b18466d5","Bottom",4.9,"N",144,8,"N","Y",20,"N",0,"N","Chicago"
"398","b1a90e05","Top",4.7,"N",303,13,"N","N",16,"N",0,"N","Toronto"
"399","b2724d1d","Middle",4.5,"N",326,11,"N","N",28,"Y",0,"Y","Chicago"
"400","b27b4a98","Bottom",4.4,"N",220,15,"N","N",24,"N",2,"N","New York"
"401","b286a11e","Middle",5,"N",250,11,"Y","Y",24,"N",0,"N","Chicago"
"402","b366ed59","Middle",4.7,"N",182,19,"N","N",26,"Y",0,"N","New York"
"403","b3725db2","Middle",4.4,"N",182,9,"N","N",16,"N",0,"N","Toronto"
"404","b3b50d4a","Top",4.6,"N",273,16,"N","N",30,"Y",0,"N","New York"
"405","b3c99902","Middle",4.9,"N",167,8,"N","N",18,"N",0,"N","Toronto"
"406","b3ed4375","Bottom",5.4,"N",386,11,"N","Y",22,"Y",0,"Y","Chicago"
"407","b4776b90","Middle",5,"N",227,15,"N","N",16,"N",0,"N","New York"
"408","b4a7cd69","Bottom",5.7,"N",333,20,"Y","N",22,"N",0,"N","New York"
"409","b544d9a5","Bottom",5.7,"N",295,10,"Y","N",22,"N",0,"N","New York"
"410","b6888ee6","Middle",4.2,"N",129,11,"N","N",22,"Y",0,"Y","Chicago"
"411","b6901f9b","Middle",4.6,"N",311,11,"N","N",16,"Y",0,"N","New York"
"412","b6c48cdb","Middle",4.4,"N",212,12,"N","Y",16,"N",0,"Y","San Francisco"
"413","b80beef0","Middle",4.8,"N",333,11,"Y","Y",24,"N",2,"Y","Toronto"
"414","b8ada622","Top",4.2,"N",258,12,"N","N",18,"Y",0,"Y","San Francisco"
"415","bab8cbf5","Middle",4.1,"N",0,7,"N","N",14,"N",0,"Y","Chicago"
"416","bb457a36","Middle",4.6,"N",364,11,"N","N",24,"Y",0,"N","Orlando"
"417","bb595127","Middle",4.2,"N",348,10,"N","N",22,"Y",3,"N","New York"
"418","bbcdccb8","Middle",4.2,"N",220,9,"N","Y",16,"N",0,"N","Toronto"
"419","bc571555","Middle",4.6,"N",280,10,"N","N",24,"N",2,"Y","Houston"
"420","bc6a8480","Middle",4.4,"N",288,13,"N","N",24,"Y",2,"N","Toronto"
"421","bc6a88b5","Middle",5.3,"N",265,13,"N","Y",20,"Y",0,"N","Chicago"
"422","bc82a988","Middle",4.2,"N",273,10,"N","Y",16,"Y",0,"N","Chicago"
"423","bcc26613","Middle",2,"Y",303,6,"N","N",24,"Y",0,"N","New York"
"424","bd135c46","Middle",4.4,"N",303,11,"N","Y",20,"N",2,"Y","New York"
"425","bd1fd772","Middle",4.7,"N",182,11,"N","N",24,"N",0,"N","Toronto"
"426","bd895489","Middle",4.3,"N",265,12,"N","N",18,"N",2,"N","Toronto"
"427","be8b6baa","Middle",4.9,"N",273,19,"N","N",26,"Y",0,"N","New York"
"428","bef20aa4","Middle",4.3,"N",333,17,"N","N",14,"N",0,"N","New York"
"429","bf0381d0","Middle",5.3,"N",242,17,"Y","N",30,"Y",2,"N","Toronto"
"430","bf83b134","Middle",3.4,"N",341,11,"N","N",18,"N",0,"N","Toronto"
"431","bf8c4621","Middle",3.4,"Y",288,9,"N","N",18,"N",0,"Y","Houston"
"432","bf8fa362","Middle",4.6,"N",114,10,"N","N",16,"N",0,"N","New York"
"433","c0225fe1","Middle",3.9,"N",295,12,"N","N",20,"N",0,"N","New York"
"434","c08d54a7","Bottom",5.3,"N",174,10,"N","Y",18,"N",0,"Y","Toronto"
"435","c0acd456","Middle",4.5,"N",258,9,"N","Y",24,"N",0,"Y","Houston"
"436","c143012a","Middle",4.4,"N",182,9,"N","Y",22,"N",2,"N","Toronto"
"437","c2939a84","Middle",4.9,"N",98,11,"N","N",22,"Y",0,"N","Toronto"
"438","c2ed12f0","Middle",5.1,"N",242,25,"N","N",36,"Y",0,"N","New York"
"439","c444de08","Bottom",4.6,"N",182,10,"N","N",28,"N",0,"N","Toronto"
"440","c4578853","Bottom",4.6,"N",205,10,"N","N",12,"N",0,"Y","San Francisco"
"441","c50b1a62","Middle",2.8,"Y",129,11,"N","N",22,"Y",2,"Y","Orlando"
"442","c61db280","Middle",5.3,"N",258,10,"N","N",16,"N",2,"Y","Toronto"
"443","c70d89a2","Middle",5,"N",258,15,"N","N",20,"Y",2,"N","Toronto"
"444","c764744b","Middle",5.8,"N",485,11,"Y","Y",18,"Y",0,"Y","San Francisco"
"445","c76ebafe","Middle",4.9,"N",167,10,"Y","N",22,"Y",0,"N","Toronto"
"446","c77cc0c6","Middle",4.7,"N",250,10,"N","Y",22,"Y",0,"N","Toronto"
"447","c848bdb0","Bottom",4.8,"N",227,13,"N","N",22,"N",5,"N","Toronto"
"448","c8aaae9a","Middle",5,"N",258,8,"N","N",20,"N",0,"N","New York"
"449","c8d12ae0","Middle",5.3,"N",265,14,"N","N",24,"N",2,"N","Toronto"
"450","c8d3a9b4","Middle",4.7,"N",227,8,"N","N",26,"Y",0,"N","Toronto"
"451","c922d25a","Middle",4.3,"N",212,13,"Y","N",22,"Y",2,"N","New York"
"452","c999c3f5","Middle",4.4,"N",280,11,"N","N",18,"N",0,"N","Toronto"
"453","cb192603","Middle",4.4,"N",303,10,"N","N",12,"N",2,"N","Toronto"
"454","cbde52de","Middle",4.9,"N",189,10,"N","N",26,"Y",2,"Y","Chicago"
"455","cc35ce30","Top",4,"N",227,13,"N","Y",26,"Y",2,"N","Toronto"
"456","cd5064ed","Middle",4.7,"N",235,14,"N","N",18,"N",0,"N","Toronto"
"457","cd60f70d","Bottom",4.3,"N",303,12,"N","N",20,"N",2,"N","New York"
"458","cdd744e7","Bottom",4.5,"N",144,9,"N","N",20,"N",0,"N","Toronto"
"459","ce617d7d","Bottom",4.6,"N",136,11,"N","N",12,"N",0,"N","New York"
"460","ce686d71","Middle",4.8,"N",174,10,"N","Y",18,"N",2,"Y","Orlando"
"461","d042ae66","Bottom",5,"N",227,10,"N","Y",18,"N",2,"Y","San Francisco"
"462","d0711e00","Middle",4,"N",250,9,"N","N",30,"N",2,"Y","Houston"
"463","d0b458b0","Middle",4.4,"N",417,17,"N","N",40,"Y",2,"N","New York"
"464","d0f9c863","Middle",4.4,"N",152,10,"N","N",20,"Y",0,"Y","Chicago"
"465","d10fe0e6","Middle",4.6,"N",288,19,"N","N",24,"N",0,"N","Toronto"
"466","d1bc4b3f","Middle",4.6,"N",250,10,"N","Y",18,"N",0,"N","Toronto"
"467","d1bde0f2","Middle",3.9,"N",212,13,"N","N",20,"N",0,"N","New York"
"468","d1c67f53","Middle",5.1,"N",303,15,"Y","N",24,"N",2,"N","New York"
"469","d1ed69af","Middle",4.6,"N",341,16,"N","N",20,"N",2,"N","New York"
"470","d284613d","Middle",4.9,"N",295,15,"N","N",26,"Y",0,"N","Toronto"
"471","d2960031","Bottom",4.8,"N",379,10,"N","N",14,"N",0,"N","Chicago"
"472","d2e14cd8","Middle",5.1,"N",159,14,"N","N",26,"N",0,"N","New York"
"473","d2e27e4d","Middle",2.9,"Y",371,19,"N","N",18,"N",2,"N","Toronto"
"474","d37e7c84","Middle",3.7,"N",220,17,"N","N",22,"N",2,"N","Toronto"
"475","d4f80cb0","Middle",4.6,"N",242,13,"N","N",26,"Y",0,"N","New York"
"476","d500008c","Middle",5.5,"N",280,12,"Y","N",20,"N",0,"N","New York"
"477","d5489fe2","Middle",5.5,"N",205,13,"N","Y",18,"N",0,"N","Chicago"
"478","d550070a","Bottom",2.9,"Y",182,10,"N","N",30,"Y",0,"N","Toronto"
"479","d581439c","Top",3.7,"N",242,13,"N","Y",22,"Y",0,"Y","Chicago"
"480","d587089c","Top",4.7,"N",265,9,"N","Y",18,"Y",0,"N","Toronto"
"481","d665821e","Middle",4.3,"N",159,10,"N","N",18,"N",0,"Y","Orlando"
"482","d772499c","Top",4.7,"N",500,15,"N","N",26,"Y",0,"N","New York"
"483","d80c241e","Middle",4.8,"N",258,13,"N","N",22,"N",0,"N","Chicago"
"484","d852f146","Middle",5,"N",197,13,"Y","N",24,"N",0,"N","New York"
"485","da5e8888","Middle",4.7,"N",333,9,"N","N",16,"N",2,"Y","San Francisco"
"486","db037029","Middle",4,"N",250,12,"N","Y",18,"N",2,"N","Toronto"
"487","dbba5286","Top",3.4,"Y",258,13,"N","N",22,"Y",3,"Y","Orlando"
"488","dc87d51c","Middle",4.9,"N",417,10,"N","Y",16,"Y",2,"N","Chicago"
"489","dcc07942","Middle",5,"N",326,13,"N","N",16,"N",3,"N","Toronto"
"490","dceffd2b","Middle",5,"N",189,12,"N","N",20,"N",0,"N","Toronto"
"491","dd3fe082","Middle",4,"N",220,15,"N","N",22,"Y",0,"N","New York"
"492","dd6bf9fb","Middle",4.2,"N",303,11,"N","N",20,"N",0,"N","New York"
"493","dde1999b","Middle",4.9,"N",152,8,"N","N",20,"N",0,"Y","Orlando"
"494","dde23585","Middle",4.6,"N",227,11,"N","Y",20,"N",2,"Y","Houston"
"495","df278b06","Middle",4.2,"N",227,13,"N","N",16,"N",0,"N","Toronto"
"496","df686f1b","Top",5.1,"N",265,17,"N","N",20,"N",0,"N","Toronto"
"497","df8ea053","Middle",4.7,"N",333,8,"N","N",12,"Y",0,"N","Toronto"
"498","dfc6a217","Middle",4.4,"N",174,15,"N","Y",16,"N",0,"N","Toronto"
"499","dff895b2","Middle",3.8,"N",288,9,"N","N",16,"N",0,"N","Toronto"
"500","dffb138f","Middle",4.4,"N",205,8,"N","N",26,"Y",2,"N","Toronto"
"501","e098cf31","Bottom",5,"N",189,8,"N","N",24,"Y",0,"Y","Toronto"
"502","e0da8b59","Bottom",4.9,"N",182,11,"N","Y",22,"N",2,"Y","Orlando"
"503","e101978a","Bottom",5.1,"N",212,10,"Y","N",22,"N",0,"N","New York"
"504","e104e934","Middle",4.6,"N",174,15,"N","Y",20,"N",0,"Y","Houston"
"505","e10c2095","Middle",5.3,"N",167,12,"N","Y",22,"Y",2,"N","New York"
"506","e12db0d2","Bottom",4.7,"N",303,14,"N","N",24,"Y",0,"N","New York"
"507","e1fe67f4","Middle",4.3,"N",167,17,"N","N",26,"N",0,"N","New York"
"508","e22e5998","Middle",4.9,"N",144,11,"N","N",16,"N",0,"N","New York"
"509","e24e3f73","Middle",4.7,"Y",182,8,"N","N",28,"Y",0,"N","Toronto"
"510","e3375e89","Bottom",4.6,"N",394,10,"Y","N",18,"N",0,"N","New York"
"511","e41b2548","Middle",4.4,"N",273,11,"N","N",18,"N",0,"N","New York"
"512","e498c332","Middle",4.4,"N",280,10,"N","N",16,"Y",0,"N","New York"
"513","e5d0994f","Bottom",4.9,"N",167,9,"N","N",22,"N",0,"N","Toronto"
"514","e741dceb","Middle",4.1,"N",159,13,"N","Y",16,"Y",2,"N","New York"
"515","e7a55a91","Bottom",5,"N",205,10,"N","N",16,"N",0,"N","Toronto"
"516","e7a60e03","Middle",4.9,"N",227,11,"N","N",28,"Y",0,"N","Toronto"
"517","e7f2d790","Middle",4.6,"N",250,10,"N","N",20,"Y",2,"N","Toronto"
"518","e7f84291","Top",5,"N",295,17,"N","N",28,"N",2,"N","New York"
"519","e81f635b","Top",4.7,"N",311,21,"N","N",32,"Y",2,"N","New York"
"520","e947a5a0","Middle",5.6,"N",379,12,"N","N",20,"Y",0,"N","Toronto"
"521","e9f0029e","Middle",5.2,"N",273,17,"N","N",26,"Y",2,"N","New York"
"522","ea500b6e","Bottom",5,"N",250,13,"N","N",18,"Y",0,"N","Chicago"
"523","ebaae4bd","Middle",3,"Y",83,10,"N","N",24,"N",0,"Y","Houston"
"524","ec356208","Middle",4.3,"N",280,14,"N","N",28,"Y",0,"N","New York"
"525","ed167920","Top",5,"N",220,11,"N","N",26,"Y",2,"N","New York"
"526","ed2ad508","Middle",2.6,"Y",318,11,"N","N",22,"N",0,"Y","Houston"
"527","ed5b1361","Middle",4.8,"N",273,8,"N","N",18,"N",0,"Y","Chicago"
"528","ede55bd7","Top",3.7,"N",311,8,"N","N",14,"N",0,"N","Toronto"
"529","ee6777fa","Middle",4.5,"N",167,10,"N","Y",24,"N",2,"Y","Toronto"
"530","ee9febae","Bottom",4.8,"N",144,13,"N","N",22,"N",0,"N","New York"
"531","eec4c425","Middle",4.3,"N",402,8,"N","N",14,"Y",0,"N","New York"
"532","efb921f3","Bottom",4.5,"N",295,14,"N","Y",26,"Y",2,"Y","New York"
"533","f04679c9","Middle",4.5,"N",311,16,"N","N",16,"Y",0,"N","New York"
"534","f0560bcc","Middle",4.9,"N",303,11,"N","N",20,"N",0,"N","New York"
"535","f0580354","Middle",2.8,"Y",212,10,"N","N",16,"Y",0,"N","Toronto"
"536","f15a18ce","Middle",4.8,"N",167,11,"N","Y",16,"N",2,"Y","Houston"
"537","f1b5d0a0","Middle",4.1,"N",189,11,"N","Y",18,"N",0,"Y","San Francisco"
"538","f1c13d6c","Middle",4.8,"N",242,13,"N","N",36,"Y",0,"Y","Toronto"
"539","f32c0cae","Top",4.5,"N",432,8,"N","Y",20,"Y",2,"N","Toronto"
"540","f350611d","Bottom",4.6,"N",197,11,"N","N",24,"N",2,"Y","Chicago"
"541","f3c5b8c3","Middle",4.2,"N",303,11,"N","N",24,"N",0,"N","New York"
"542","f436dc91","Middle",4.6,"N",326,13,"N","N",22,"Y",0,"N","Toronto"
"543","f48bce78","Top",5.4,"Y",295,22,"Y","N",24,"N",0,"N","New York"
"544","f6992c92","Middle",4.7,"N",318,13,"N","N",26,"Y",2,"N","Toronto"
"545","f7073349","Middle",2.4,"Y",129,8,"N","N",36,"N",2,"N","New York"
"546","f7314e66","Middle",4.8,"N",129,10,"N","N",26,"N",2,"Y","Toronto"
"547","f79e2067","Middle",4.1,"N",182,9,"N","N",22,"Y",2,"Y","Chicago"
"548","f7a153a6","Bottom",3.7,"N",303,11,"N","N",18,"N",0,"N","Toronto"
"549","f7ab67cc","Middle",4.6,"N",189,14,"N","N",18,"N",0,"N","New York"
"550","f7f9c622","Bottom",5.1,"N",379,14,"N","N",26,"Y",2,"N","New York"
"551","f83746c6","Middle",4.6,"N",152,11,"N","Y",18,"N",2,"N","New York"
"552","f869c0ad","Top",4,"N",227,12,"N","Y",20,"N",0,"N","New York"
"553","f8cb42cf","Top",4.1,"N",318,11,"N","N",18,"Y",0,"Y","San Francisco"
"554","f8ced0df","Top",5,"N",189,11,"N","N",18,"N",0,"N","New York"
"555","fa29684c","Middle",5.2,"N",220,13,"N","N",22,"N",0,"N","New York"
"556","fa47d7d0","Middle",4.5,"N",174,10,"N","N",16,"N",2,"N","Toronto"
"557","fab3198a","Middle",4.1,"N",250,20,"N","N",28,"Y",2,"N","Toronto"
"558","faf22ce9","Middle",5.1,"N",379,10,"N","N",16,"Y",0,"N","New York"
"559","fb5da7fe","Middle",4.2,"N",402,19,"N","N",28,"Y",2,"N","New York"
"560","fbc09a16","Bottom",4.4,"N",182,15,"N","N",30,"N",0,"N","New York"
"561","fc074eff","Bottom",4.5,"N",220,11,"N","Y",24,"Y",0,"N","New York"
"562","fccc1bc6","Middle",2.8,"Y",212,10,"N","N",20,"N",0,"Y","San Francisco"
"563","fcd29ebc","Top",5.5,"N",326,13,"N","N",28,"Y",0,"N","Toronto"
"564","fd38c592","Middle",4.5,"N",38,8,"N","Y",16,"N",0,"N","Toronto"
"565","fd3f0257","Middle",3.5,"N",311,11,"N","N",22,"Y",0,"N","New York"
"566","fd4e88c0","Middle",4.6,"N",98,10,"N","N",22,"N",0,"N","Toronto"
"567","fdf590b8","Top",3.7,"N",258,12,"N","N",16,"N",0,"N","New York"
"568","fef7fc93","Bottom",5.2,"N",242,13,"N","Y",28,"N",2,"N","Toronto"
"569","ff6f866d","Bottom",4.9,"N",265,13,"N","Y",22,"Y",0,"N","Chicago"
"570","ff8d64bc","Middle",5.2,"N",250,12,"Y","N",18,"N",2,"N","Toronto"
"571","fff52bc6","Middle",4.7,"N",379,15,"N","N",16,"N",2,"Y","San Francisco"
